Workbook

Sheet 형식
B1: 로그인
A2: 번호 | B2: 세부정보 | C2: 점수
A3: 1 | B3: 디자인
A4: 2
A5: 3
A6: 4
A7: 5
A8: 6
A9: 7
A10: 8
A11: 9
A12: 10
A13: 11
A14: 12
A15: 13
... A32: 30
A33: 총합 | C33: =SUM(C3:C32) -> 0
A34: 최대 점수 | C34: =_xlfn.XLOOKUP(B1, 전체!A2:A18, 전체!C2:C18, "없음") -> 1.2
A35: 남은 점수 | C35: =C34-C33 -> 1.2

Sheet 전체
A1: 폼 이름 | B1: 주요 기능 | C1: 최종 점수 | D1: 점수 순위
A2: 로그인 | B2: 시작, 애니메이션, 자동 로그인 | C2: 1.2 | D2: =_xlfn.RANK.EQ(C2, $C$2:$C$18, 0) -> 3
A3: 잠금모드 | B3: 보안 처리, 암호 입력 | C3: 1.1 | D3: =_xlfn.RANK.EQ(C3, $C$2:$C$18, 0) -> 8
A4: 메인 | B4: 전체 UI의 중심 | C4: 1.4 | D4: =_xlfn.RANK.EQ(C4, $C$2:$C$18, 0) -> 2
A5: 친구 | B5: 친구 목록 표시 및 진입 | C5: 1 | D5: =_xlfn.RANK.EQ(C5, $C$2:$C$18, 0) -> 9
A6: 친구추가 | B6: 클립보드 처리, 요청 처리 | C6: 1.2 | D6: =_xlfn.RANK.EQ(C6, $C$2:$C$18, 0) -> 3
A7: 프로필 | B7: 좋아요, 1:1 채팅 등 | C7: 1.2 | D7: =_xlfn.RANK.EQ(C7, $C$2:$C$18, 0) -> 3
A8: 프로필수정 | B8: 유효성 검증 | C8: 0.8 | D8: =_xlfn.RANK.EQ(C8, $C$2:$C$18, 0) -> 13
A9: 채팅 | B9: 미리보기 목록 등 | C9: 1.2 | D9: =_xlfn.RANK.EQ(C9, $C$2:$C$18, 0) -> 3
A10: 채팅방 | B10: 채팅, 파일, 이모티콘 등 핵심 | C10: 5.5 | D10: =_xlfn.RANK.EQ(C10, $C$2:$C$18, 0) -> 1
A11: 메세지수정 | B11: 편집, 유효성 | C11: 0.5 | D11: =_xlfn.RANK.EQ(C11, $C$2:$C$18, 0) -> 17
A12: 알람 | B12: 친구요청 수락/거절 | C12: 0.6 | D12: =_xlfn.RANK.EQ(C12, $C$2:$C$18, 0) -> 15
A13: 더보기 | B13: 설정 접근, 종료 처리 | C13: 0.7 | D13: =_xlfn.RANK.EQ(C13, $C$2:$C$18, 0) -> 14
... A18: Tell 뷰어 | B18: 파일 미디어 처리 다양 | C18: 1 | D18: =_xlfn.RANK.EQ(C18, $C$2:$C$18, 0) -> 9
A19: 이모티콘 | B19: 이모티콘 전송을 위한 폼 | C19: 0.8 | D19: =_xlfn.RANK.EQ(C19, $C$2:$C$19, 0) -> 13
A20: 합계 | C20: =SUM(C2:C19) -> 22
A21: 남은 점수 | C21: =22-C20 -> 0

Sheet 공통조건
A1: 번호 | B1: 세부정보 | C1: 점수
A2: 1 | B2: 오류/정보/질문 메시지창 스타일 (각각 0.1점) | C2: 0.3
A3: 2 | B3: 모든 폼에 커스텀 폰트 적용 | C3: 0.3
A4: 3 | B4: 기재된 색상 사용 | C4: 0.2
A5: 4 | B5: 시스템 트레이 | C5: 0.3
A6: 5 | B6: 시스템 트레이 버튼 클릭 (각 0.1점) | C6: 0.4
A7: 6 | B7: 특정 조건에 따른 시스템 트레이 버튼 활성화 비활성화 여부 | C7: 0.1
A8: 7 | B8: 백그라운드 실행 풍선 | C8: 0.1
A9: 8 | B9: 모든 로그아웃 처리 | C9: 0.1
A10: 9 | B10: 특정 폼을 기준으로 폼 실행 위치 | C10: 0.5
A11: 10 | B11: 특정 TextBox | C11: 0.4
A12: 11 | B12: 기존 컨트롤을 제외한 클릭 가능한 항목에 커서 “Hand” 적용 | C12: 0.1
A13: 12 | B13: 특정 폼을 제외하고 프로필 이미지 클릭 시 [프로필] 폼으로 이동 | C13: 0.1
A14: 13 | B14: 특정 항목 프로그램 종료후에도 유지 | C14: 0.1
A15: 총합 | C15: =SUM(C2:C14) -> 3
A16: 남은 점수 | C16: =3-C15 -> 0

Sheet 로그인
B1: 로그인
A2: 번호 | B2: 세부정보 | C2: 점수
A3: 1 | B3: 디자인 | C3: 0.3
A4: 2 | B4: 프로그램 실행시 표시 | C4: 0.1
A5: 3 | B5: 자동 로그인 컨트롤 | C5: 0.1
A6: 4 | B6: 로그인 시작시 버튼에 애니메이션 표시 | C6: 0.1
A7: 5 | B7: 로그인 성공시 폼 종료 및 [메인] 폼 시작 | C7: 0.1
A8: 6 | B8: 자동 로그인 활성화시 [메인] 폼이 아닌 [잠금모드] 폼 실행 | C8: 0.1
A9: 7 | B9: 일치하지 않을 경우 오류 | C9: 0.2
A10: 8 | B10: 로그인 버튼 클릭시 로그인 시도 | C10: 0.1
A11: 9 | B11: 자동 로그인 활성화 상태에서 프로그램 실행시 | C11: 0.1
A12: 10
A13: 11
A14: 12
A15: 13
A16: 14
A17: 15
A18: 16
A19: 17
A20: 18
A21: 19
A22: 20
A23: 21
... A32: 30
A33: 총합 | C33: =SUM(C3:C31) -> 1.2
A34: 최대 점수 | C34: =_xlfn.XLOOKUP(B1, 전체!A2:A18, 전체!C2:C18, "없음") -> 1.2
A35: 남은 점수 | C35: =C34-C33 -> 0

Sheet 잠금모드
B1: 잠금모드
A2: 번호 | B2: 세부정보 | C2: 점수
A3: 1 | B3: 디자인 | C3: 0.3
A4: 2 | B4: [로그인] 폼과 같은 프레임 실행 | C4: 0.1
A5: 3 | B5: MaskedTextBox을 통해 숫자로만 암호 입력 | C5: 0.2
A6: 4 | B6: 암호 입력시 "●" 기호로 표시 | C6: 0.1
A7: 5 | B7: 임호 일치시 [잠금모드] 폼 종료 및 [메인] 폼 이동 | C7: 0.2
A8: 6 | B8: 일치하지 않을 경우 오류 | C8: 0.1
A9: 7 | B9: 하단에 텍스트 클릭시 질문메세지 및 잠금모드 초기화 | C9: 0.1
A10: 8
A11: 9
A12: 10
A13: 11
A14: 12
A15: 13
A16: 14
A17: 15
A18: 16
A19: 17
A20: 18
A21: 19
... A32: 30
A33: 총합 | C33: =SUM(C3:C32) -> 1.1
A34: 최대 점수 | C34: =_xlfn.XLOOKUP(B1, 전체!A2:A18, 전체!C2:C18, "없음") -> 1.1
A35: 남은 점수 | C35: =C34-C33 -> 0

Sheet 메인
B1: 메인
A2: 번호 | B2: 세부정보 | C2: 점수
A3: 1 | B3: 디자인 | C3: 0.3
A4: 2 | B4: 자신에게 알람이 있을경우 풍선 표시 | C4: 0.1
A5: 3 | B5: 하단에 광고 표시 및 변경 | C5: 0.2
A6: 4 | B6: 알람, 설정 아이콘 클릭 및 오버 (클릭, 오버 각 버튼당 0.1점) | C6: 0.2
A7: 5 | B7: 친구, 채팅, 더보기 아이콘 클릭 (각 0.1점) | C7: 0.3
A8: 6 | B8: 친구, 채팅, 더보기 아이콘 오버 (각 0.1점) | C8: 0.3
A9: 7
A10: 8
A11: 9
A12: 10
A13: 11
A14: 12
A15: 13
A16: 14
A17: 15
A18: 16
A19: 17
A20: 18
... A32: 30
A33: 총합 | C33: =SUM(C3:C32) -> 1.4
A34: 최대 점수 | C34: =_xlfn.XLOOKUP(B1, 전체!A2:A18, 전체!C2:C18, "없음") -> 1.4
A35: 남은 점수 | C35: =C34-C33 -> 0

Sheet 친구
B1: 친구
A2: 번호 | B2: 세부정보 | C2: 점수
A3: 1 | B3: 디자인 | C3: 0.2
A4: 2 | B4: [메인] 폼에 표시 | C4: 0.1
A5: 3 | B5: 자신의 친구 모두 표시 | C5: 0.3
A6: 4 | B6: 리스트에 마우스 오버 | C6: 0.1
A7: 5 | B7: 리스트 클릭 | C7: 0.1
A8: 6 | B8: 리스트 프로필 클릭 | C8: 0.1
A9: 7 | B9: 친구추가 버튼 클릭 | C9: 0.1
A10: 8
A11: 9
A12: 10
A13: 11
A14: 12
A15: 13
A16: 14
A17: 15
A18: 16
A19: 17
A20: 18
A21: 19
... A32: 30
A33: 총합 | C33: =SUM(C3:C32) -> 1
A34: 최대 점수 | C34: =_xlfn.XLOOKUP(B1, 전체!A2:A18, 전체!C2:C18, "없음") -> 1
A35: 남은 점수 | C35: =C34-C33 -> 0

Sheet 친구추가
B1: 친구추가
A2: 번호 | B2: 세부정보 | C2: 점수
A3: 1 | B3: 디자인 | C3: 0.3
A4: 2 | B4: 폼 실행시 클립보드 | C4: 0.2
A5: 3 | B5: MaskedTextBox을 통해 숫자로만 친구추가ID 입력 | C5: 0.1
A6: 4 | B6: 자신 친구추가ID 복사 | C6: 0.1
A7: 5 | B7: 입력란에 8자 입력후 표시 | C7: 0.2
A8: 6 | B8: 리스트 항목에 클릭시 (각 0.1점) | C8: 0.3
A9: 7
A10: 8
A11: 9
A12: 10
A13: 11
A14: 12
A15: 13
A16: 14
A17: 15
A18: 16
A19: 17
A20: 18
... A32: 30
A33: 총합 | C33: =SUM(C3:C32) -> 1.2
A34: 최대 점수 | C34: =_xlfn.XLOOKUP(B1, 전체!A2:A18, 전체!C2:C18, "없음") -> 1.2
A35: 남은 점수 | C35: =C34-C33 -> 0

Sheet 프로필
B1: 프로필
A2: 번호 | B2: 세부정보 | C2: 점수
A3: 1 | B3: 디자인 | C3: 0.3
A4: 2 | B4: 포커스 해제시 종료 | C4: 0.1
A5: 3 | B5: 이전폼에서 선택한 유저 표시 | C5: 0.1
A6: 4 | B6: 자신과 다른 유저와 다르게 표시 | C6: 0.1
A7: 5 | B7: 하트 클릭시 | C7: 0.2
A8: 6 | B8: 자신이 하트 클릭 | C8: 0.2
A9: 7 | B9: 프로필 수정 클릭 | C9: 0.1
A10: 8 | B10: 1:1 채팅 클릭 | C10: 0.1
A11: 9
A12: 10
A13: 11
A14: 12
A15: 13
A16: 14
A17: 15
A18: 16
A19: 17
A20: 18
A21: 19
A22: 20
... A32: 30
A33: 총합 | C33: =SUM(C3:C32) -> 1.2
A34: 최대 점수 | C34: =_xlfn.XLOOKUP(B1, 전체!A2:A18, 전체!C2:C18, "없음") -> 1.2
A35: 남은 점수 | C35: =C34-C33 -> 0

Sheet 프로필 수정
B1: 프로필수정
A2: 번호 | B2: 세부정보 | C2: 점수
A3: 1 | B3: 디자인 | C3: 0.2
A4: 2 | B4: 폼 실행시 자신의 정보 입력 | C4: 0.1
A5: 3 | B5: 글자 제한 | C5: 0.1
A6: 4 | B6: TextBox 입력시 조건에 따른 버튼 (비)활성화 | C6: 0.1
A7: 5 | B7: 닫기 버튼 클릭 | C7: 0.1
A8: 6 | B8: 수정 버튼 클릭 | C8: 0.2
A9: 7
A10: 8
A11: 9
A12: 10
A13: 11
A14: 12
A15: 13
A16: 14
A17: 15
A18: 16
A19: 17
A20: 18
... A32: 30
A33: 총합 | C33: =SUM(C3:C32) -> 0.8
A34: 최대 점수 | C34: =_xlfn.XLOOKUP(B1, 전체!A2:A18, 전체!C2:C18, "없음") -> 0.8
A35: 남은 점수 | C35: =C34-C33 -> 0

Sheet 채팅
B1: 채팅
A2: 번호 | B2: 세부정보 | C2: 점수
A3: 1 | B3: 디자인 | C3: 0.2
A4: 2 | B4: [메인] 폼에 표시 | C4: 0.1
A5: 3 | B5: 자신과 채팅한 모든 유저의 채팅방 표시 | C5: 0.1
A6: 4 | B6: 리스트 정렬 | C6: 0.2
A7: 5 | B7: 리스트에 가장 최근데 나눈 대회 내용 표시 (일반 메시지) | C7: 0.1
A8: 6 | B8: 리스트에 가장 최근데 나눈 대회 내용 표시 (이모티콘 메시지) | C8: 0.2
A9: 7 | B9: 리스트에 가장 최근데 나눈 대회 내용 표시 (파일 메시지) | C9: 0.2
A10: 8 | B10: 리스트에 가장 최근데 나눈 대회 내용 표시 (삭제된 메시지) | C10: 0.1
A11: 9
A12: 10
A13: 11
A14: 12
A15: 13
A16: 14
A17: 15
A18: 16
A19: 17
A20: 18
A21: 19
A22: 20
... A32: 30
A33: 총합 | C33: =SUM(C3:C32) -> 1.2
A34: 최대 점수 | C34: =_xlfn.XLOOKUP(B1, 전체!A2:A18, 전체!C2:C18, "없음") -> 1.2
A35: 남은 점수 | C35: =C34-C33 -> 0

Sheet 채팅방
B1: 채팅방
A2: 번호 | B2: 세부정보 | C2: 점수
A3: 1 | B3: 다자인 | C3: 0.5
A4: 2 | B4: 이전폼에서 선택한 채팅방 표시 | C4: 0.1
A5: 3 | B5: 이미 채팅중인 채팅방 표시 아니면 새로운 채팅방 표시 | C5: 0.3
A6: 4 | B6: 이미 실행중이면 실행하지 않고 실행중인 창에 포커크 | C6: 0.2
A7: 5 | B7: 폼 시작시 맨 아래로 스크롤 | C7: 0.1
A8: 6 | B8: 메시지 전송,수정,삭제등 작업시 [메인] 폼 리스트 갱신 | C8: 0.3
A9: 7 | B9: (B영역) 배경색 실시간 적용 | C9: 0.3
A10: 8 | B10: (B영역) 배경색에 따른 일부 텍스트 색상 변경 | C10: 0.3
A11: 9 | B11: (B영역) 전송 시간 표시 | C11: 0.1
A12: 10 | B12: (B영역) 날짜 경계선 추가 | C12: 0.2
A13: 11 | B13: (B영역) 각 파일, 이모티콘, 일반, 삭제 메시지 표시 (각 0.1점) | C13: 0.4
A14: 12 | B14: (C영역) 슬라이더 컨트롤로 투명도 조절 | C14: 0.2
... A30: 28 | B30: (E영역) 메뉴 버튼 클릭 (각 0.1점) | C30: 0.4
A31: 29
A32: 30
A33: 총합 | C33: =SUM(C3:C32) -> 5.5
A34: 최대 점수 | C34: =_xlfn.XLOOKUP(B1, 전체!A2:A18, 전체!C2:C18, "없음") -> 5.5
A35: 남은 점수 | C35: =C34-C33 -> 0

Sheet Tell 뷰어
B1: Tell 뷰어
A2: 번호 | B2: 세부정보 | C2: 점수
A3: 1 | B3: 디자인 | C3: 0.1
A4: 2 | B4: 창 크기 조절 가능 | C4: 0.1
A5: 3 | B5: 이전폼에서 선택한 파일 열기 (각0.2점) | C5: 0.8
A6: 4
A7: 5
A8: 6
A9: 7
A10: 8
A11: 9
A12: 10
A13: 11
A14: 12
A15: 13
A16: 14
A17: 15
... A32: 30
A33: 총합 | C33: =SUM(C3:C32) -> 1
A34: 최대 점수 | C34: =_xlfn.XLOOKUP(B1, 전체!A2:A18, 전체!C2:C18, "없음") -> 1
A35: 남은 점수 | C35: =C34-C33 -> 0

Sheet 메세지 수정
B1: 메세지수정
A2: 번호 | B2: 세부정보 | C2: 점수
A3: 1 | B3: 디자인 | C3: 0.1
A4: 2 | B4: 이전폼에서 선택한 메시지 표시 | C4: 0.1
A5: 3 | B5: 수정하기 버튼 클릭 | C5: 0.3
A6: 4
A7: 5
A8: 6
A9: 7
A10: 8
A11: 9
A12: 10
A13: 11
A14: 12
A15: 13
A16: 14
A17: 15
... A32: 30
A33: 총합 | C33: =SUM(C3:C32) -> 0.5
A34: 최대 점수 | C34: =_xlfn.XLOOKUP(B1, 전체!A2:A18, 전체!C2:C18, "없음") -> 0.5
A35: 남은 점수 | C35: =C34-C33 -> 0

Sheet 더보기
B1: 더보기
A2: 번호 | B2: 세부정보 | C2: 점수
A3: 1 | B3: 디자인 | C3: 0.2
A4: 2 | B4: [메인] 폼에 표시 | C4: 0.1
A5: 3 | B5: 버튼 클릭 (각0.1점) | C5: 0.4
A6: 4
A7: 5
A8: 6
A9: 7
A10: 8
A11: 9
A12: 10
A13: 11
A14: 12
A15: 13
A16: 14
A17: 15
... A32: 30
A33: 총합 | C33: =SUM(C3:C32) -> 0.7
A34: 최대 점수 | C34: =_xlfn.XLOOKUP(B1, 전체!A2:A18, 전체!C2:C18, "없음") -> 0.7
A35: 남은 점수 | C35: =C34-C33 -> 0

Sheet 설정
B1: 설정
A2: 번호 | B2: 세부정보 | C2: 점수
A3: 1 | B3: 디자인 | C3: 0.3
A4: 2 | B4: B영역 버튼 (각0.1점) | C4: 0.3
A5: 3
A6: 4
A7: 5
A8: 6
A9: 7
A10: 8
A11: 9
A12: 10
A13: 11
A14: 12
A15: 13
A16: 14
... A32: 30
A33: 총합 | C33: =SUM(C3:C32) -> 0.6
A34: 최대 점수 | C34: =_xlfn.XLOOKUP(B1, 전체!A2:A18, 전체!C2:C18, "없음") -> 0.6
A35: 남은 점수 | C35: =C34-C33 -> 0

Sheet 설정 보안
B1: 설정 보안
A2: 번호 | B2: 세부정보 | C2: 점수
A3: 1 | B3: 디자인 | C3: 0.2
A4: 2 | B4: [메인] 폼에 표시 | C4: 0.1
A5: 3 | B5: 자동 로그인 체크시 | C5: 0.2
A6: 4 | B6: 자동 로그인 해제시 | C6: 0.3
A7: 5 | B7: 잠금모드 사용 체크시 | C7: 0.1
A8: 6 | B8: 잠금모드 사용 해제시 | C8: 0.1
A9: 7
A10: 8
A11: 9
A12: 10
A13: 11
A14: 12
A15: 13
A16: 14
A17: 15
A18: 16
A19: 17
A20: 18
... A32: 30
A33: 총합 | C33: =SUM(C3:C32) -> 1
A34: 최대 점수 | C34: =_xlfn.XLOOKUP(B1, 전체!A2:A18, 전체!C2:C18, "없음") -> 1
A35: 남은 점수 | C35: =C34-C33 -> 0

Sheet 잠금모드 암호 설정
B1: 잠금모드 암호설정
A2: 번호 | B2: 세부정보 | C2: 점수
A3: 1 | B3: 디자인 | C3: 0.3
A4: 2 | B4: MaskedTextBox을 통해 숫자로만 암호 입력 | C4: 0.2
A5: 3 | B5: 4글자 입력시 버튼 (비)활성화 | C5: 0.1
A6: 4 | B6: 확인 버튼 클릭시 두 값 일치 | C6: 0.3
A7: 5 | B7: 확인버튼 클릭시 두 값 불일치 | C7: 0.1
A8: 6
A9: 7
A10: 8
A11: 9
A12: 10
A13: 11
A14: 12
A15: 13
A16: 14
A17: 15
A18: 16
A19: 17
... A32: 30
A33: 총합 | C33: =SUM(C3:C32) -> 1
A34: 최대 점수 | C34: =_xlfn.XLOOKUP(B1, 전체!A2:A18, 전체!C2:C18, "없음") -> 1
A35: 남은 점수 | C35: =C34-C33 -> 0

Sheet 설정 채팅방
B1: 설정채팅방
A2: 번호 | B2: 세부정보 | C2: 점수
A3: 1 | B3: 디자인 | C3: 0.2
A4: 2 | B4: [메인] 폼에 표시 | C4: 0.1
A5: 3 | B5: 채팅방 스타일 변경 클릭시 | C5: 0.2
A6: 4 | B6: 색상 선택후 확인 | C6: 0.3
A7: 5 | B7: 기본값 클릭 | C7: 0.1
A8: 6 | B8: 채팅방 투명도 조절 | C8: 0.3
A9: 7
A10: 8
A11: 9
A12: 10
A13: 11
A14: 12
A15: 13
A16: 14
A17: 15
A18: 16
A19: 17
A20: 18
... A32: 30
A33: 총합 | C33: =SUM(C3:C32) -> 1.2
A34: 최대 점수 | C34: =_xlfn.XLOOKUP(B1, 전체!A2:A18, 전체!C2:C18, "없음") -> 1.2
A35: 남은 점수 | C35: =C34-C33 -> 0

Sheet 알람
B1: 알람
A2: 번호 | B2: 세부정보 | C2: 점수
A3: 1 | B3: 디자인 | C3: 0.2
A4: 2 | B4: 자신에게 온 모든 알람 표시 | C4: 0.1
A5: 3 | B5: ✔ 클릭 | C5: 0.2
A6: 4 | B6: ✖ 클릭 | C6: 0.1
A7: 5
A8: 6
A9: 7
A10: 8
A11: 9
A12: 10
A13: 11
A14: 12
A15: 13
A16: 14
A17: 15
A18: 16
... A32: 30
A33: 총합 | C33: =SUM(C3:C32) -> 0.6
A34: 최대 점수 | C34: =_xlfn.XLOOKUP(B1, 전체!A2:A18, 전체!C2:C18, "없음") -> 0.6
A35: 남은 점수 | C35: =C34-C33 -> 0

Sheet 이모티콘
B1: 이모티콘
A2: 번호 | B2: 세부정보 | C2: 점수
A3: 1 | B3: 디자인 | C3: 0.2
A4: 2 | B4: 중복 폼 실행 | C4: 0.2
A5: 3 | B5: 오른쪽 이미지 표시 | C5: 0.1
A6: 4 | B6: A영역 버튼 클릭 | C6: 0.1
A7: 5 | B7: B영역 버튼 클릭시 이모티콘과 메시지 전송 | C7: 0.2
A8: 6
A9: 7
A10: 8
A11: 9
A12: 10
A13: 11
A14: 12
A15: 13
A16: 14
A17: 15
A18: 16
A19: 17
... A32: 30
A33: 총합 | C33: =SUM(C3:C32) -> 0.8
A34: 최대 점수 | C34: =_xlfn.XLOOKUP(B1, 전체!A2:A19, 전체!C2:C19, "없음") -> 0.8
A35: 남은 점수 | C35: =C34-C33 -> 0
